DATE,EUR6M
15/08/2016,-0.20214
16/08/2016,-0.20214
17/08/2016,-0.20214
18/08/2016,-0.20229
19/08/2016,-0.20229
22/08/2016,-0.20229
23/08/2016,-0.20386
24/08/2016,-0.20314
25/08/2016,-0.20314
26/08/2016,-0.20314
29/08/2016,.
30/08/2016,-0.20457
31/08/2016,-0.20486
01/09/2016,-0.20486
02/09/2016,-0.205
05/09/2016,-0.20586
06/09/2016,-0.20614
07/09/2016,-0.20786
08/09/2016,-0.21
09/09/2016,-0.20614
12/09/2016,-0.20614
13/09/2016,-0.20614
14/09/2016,-0.20543
15/09/2016,-0.20543
16/09/2016,-0.20829
19/09/2016,-0.20829
20/09/2016,-0.214
21/09/2016,-0.21471
22/09/2016,-0.21757
23/09/2016,-0.21186
26/09/2016,-0.212
27/09/2016,-0.21129
28/09/2016,-0.21613
29/09/2016,-0.21214
30/09/2016,-0.21214
03/10/2016,-0.21214
04/10/2016,-0.21214
05/10/2016,-0.21214
06/10/2016,-0.21214
07/10/2016,-0.21214
10/10/2016,-0.21171
11/10/2016,-0.21186
12/10/2016,-0.21343
13/10/2016,-0.21557
14/10/2016,-0.21471
17/10/2016,-0.21471
18/10/2016,-0.215
19/10/2016,-0.215
20/10/2016,-0.21571
21/10/2016,-0.21571
24/10/2016,-0.21571
25/10/2016,-0.21571
26/10/2016,-0.21571
27/10/2016,-0.213
28/10/2016,-0.213
31/10/2016,-0.21371
01/11/2016,-0.21443
02/11/2016,-0.21514
03/11/2016,-0.21657
04/11/2016,-0.21371
07/11/2016,-0.21229
08/11/2016,-0.21371
09/11/2016,-0.21371
10/11/2016,-0.21371
11/11/2016,-0.21371
14/11/2016,-0.21371
15/11/2016,-0.21371
16/11/2016,-0.21657
17/11/2016,-0.218
18/11/2016,-0.218
21/11/2016,-0.218
22/11/2016,-0.21943
23/11/2016,-0.21943
24/11/2016,-0.21871
25/11/2016,-0.22014
28/11/2016,-0.22014
29/11/2016,-0.21871
30/11/2016,-0.21871
01/12/2016,-0.21871
02/12/2016,-0.22443
05/12/2016,-0.22586
06/12/2016,-0.22443
07/12/2016,-0.223
08/12/2016,-0.223
09/12/2016,-0.22014
12/12/2016,-0.223
13/12/2016,-0.223
14/12/2016,-0.22586
15/12/2016,-0.22586
16/12/2016,-0.22657
19/12/2016,-0.22657
20/12/2016,-0.22657
21/12/2016,-0.22657
22/12/2016,-0.22657
23/12/2016,-0.22657
26/12/2016,.
27/12/2016,.
28/12/2016,-0.22657
29/12/2016,-0.22657
30/12/2016,-0.22657
02/01/2017,.
03/01/2017,-0.228
04/01/2017,-0.22943
05/01/2017,-0.23329
06/01/2017,-0.23686
09/01/2017,-0.237
10/01/2017,-0.237
11/01/2017,-0.237
12/01/2017,-0.23771
13/01/2017,-0.23843
16/01/2017,-0.23857
17/01/2017,-0.23943
18/01/2017,-0.24029
19/01/2017,-0.24029
20/01/2017,-0.24043
23/01/2017,-0.24043
24/01/2017,-0.24043
25/01/2017,-0.24043
26/01/2017,-0.24114
27/01/2017,-0.24114
30/01/2017,-0.24186
31/01/2017,-0.24186
01/02/2017,-0.24186
02/02/2017,-0.24114
03/02/2017,-0.24114
06/02/2017,-0.24043
07/02/2017,-0.24657
08/02/2017,-0.248
09/02/2017,-0.248
10/02/2017,-0.248
13/02/2017,-0.248
14/02/2017,-0.24657
15/02/2017,-0.24943
16/02/2017,-0.248
17/02/2017,-0.24443
20/02/2017,-0.24586
21/02/2017,-0.24586
22/02/2017,-0.24586
23/02/2017,-0.24586
24/02/2017,-0.24714
27/02/2017,-0.24714
28/02/2017,-0.24714
01/03/2017,-0.24714
02/03/2017,-0.24729
03/03/2017,-0.24729
06/03/2017,-0.24729
07/03/2017,-0.24729
08/03/2017,-0.25014
09/03/2017,-0.25014
10/03/2017,-0.24514
13/03/2017,-0.24657
14/03/2017,-0.24657
15/03/2017,-0.24729
16/03/2017,-0.24729
17/03/2017,-0.24729
20/03/2017,-0.24729
21/03/2017,-0.24729
22/03/2017,-0.24729
23/03/2017,-0.24729
24/03/2017,-0.24729
27/03/2017,-0.24729
28/03/2017,-0.25014
29/03/2017,-0.25014
30/03/2017,-0.24943
31/03/2017,-0.25014
03/04/2017,-0.25229
04/04/2017,-0.25371
05/04/2017,-0.25357
06/04/2017,-0.25429
07/04/2017,-0.25357
10/04/2017,-0.25429
11/04/2017,-0.25514
12/04/2017,-0.25514
13/04/2017,-0.25657
14/04/2017,.
17/04/2017,.
18/04/2017,-0.25729
19/04/2017,-0.25729
20/04/2017,-0.25729
21/04/2017,-0.25943
24/04/2017,-0.26014
25/04/2017,-0.25871
26/04/2017,-0.25871
27/04/2017,-0.26014
28/04/2017,-0.26014
01/05/2017,.
02/05/2017,-0.26157
03/05/2017,-0.26514
04/05/2017,-0.26943
05/05/2017,-0.26871
08/05/2017,-0.26871
09/05/2017,-0.27143
10/05/2017,-0.27357
11/05/2017,-0.27286
12/05/2017,-0.27357
15/05/2017,-0.27371
16/05/2017,-0.27429
17/05/2017,-0.27429
18/05/2017,-0.27571
19/05/2017,-0.27571
22/05/2017,-0.27714
23/05/2017,-0.27786
24/05/2017,-0.28357
25/05/2017,-0.28214
26/05/2017,-0.285
29/05/2017,.
30/05/2017,-0.28571
31/05/2017,-0.28571
01/06/2017,-0.28571
02/06/2017,-0.28714
05/06/2017,-0.28714
06/06/2017,-0.29029
07/06/2017,-0.29029
08/06/2017,-0.29171
09/06/2017,-0.29786
12/06/2017,-0.29857
13/06/2017,-0.29929
14/06/2017,-0.29929
15/06/2017,-0.29929
16/06/2017,-0.295
19/06/2017,-0.295
20/06/2017,-0.29571
21/06/2017,-0.29729
22/06/2017,-0.29729
23/06/2017,-0.29743
26/06/2017,-0.30029
27/06/2017,-0.30029
28/06/2017,-0.30171
29/06/2017,-0.29971
30/06/2017,-0.30529
03/07/2017,-0.30543
04/07/2017,-0.30543
05/07/2017,-0.30771
06/07/2017,-0.30771
07/07/2017,-0.30757
10/07/2017,-0.30614
11/07/2017,-0.30614
12/07/2017,-0.30614
13/07/2017,-0.30614
14/07/2017,-0.30471
17/07/2017,-0.30471
18/07/2017,-0.30329
19/07/2017,-0.30329
20/07/2017,-0.30329
21/07/2017,-0.30043
24/07/2017,-0.30043
25/07/2017,-0.30043
26/07/2017,-0.30043
27/07/2017,-0.30043
28/07/2017,-0.299
31/07/2017,-0.299
01/08/2017,-0.299
02/08/2017,-0.299
03/08/2017,-0.29829
04/08/2017,-0.30043
07/08/2017,-0.29971
08/08/2017,-0.30114
09/08/2017,-0.30114
10/08/2017,-0.30257
11/08/2017,-0.30257
14/08/2017,-0.30329
15/08/2017,-0.30329
16/08/2017,-0.30329
17/08/2017,-0.30329
18/08/2017,-0.30414
21/08/2017,-0.30414
22/08/2017,-0.307
23/08/2017,-0.307
24/08/2017,-0.307
25/08/2017,-0.307
28/08/2017,.
29/08/2017,-0.30757
30/08/2017,-0.30757
31/08/2017,-0.30757
01/09/2017,-0.30757
04/09/2017,-0.30757
05/09/2017,-0.30771
06/09/2017,-0.30771
07/09/2017,-0.30771
08/09/2017,-0.308
11/09/2017,-0.30429
12/09/2017,-0.30429
13/09/2017,-0.30429
14/09/2017,-0.30357
15/09/2017,-0.30286
18/09/2017,-0.30429
19/09/2017,-0.30571
20/09/2017,-0.30429
21/09/2017,-0.305
22/09/2017,-0.305
25/09/2017,-0.305
26/09/2017,-0.30571
27/09/2017,-0.30571
28/09/2017,-0.30929
29/09/2017,-0.30929
02/10/2017,-0.30929
03/10/2017,-0.30829
04/10/2017,-0.30829
05/10/2017,-0.30857
06/10/2017,-0.30929
09/10/2017,-0.30871
10/10/2017,-0.30871
11/10/2017,-0.31014
12/10/2017,-0.31014
13/10/2017,-0.31157
16/10/2017,-0.31157
17/10/2017,-0.31157
18/10/2017,-0.31729
19/10/2017,-0.313
20/10/2017,-0.313
23/10/2017,-0.31514
24/10/2017,-0.31657
25/10/2017,-0.32086
26/10/2017,-0.32157
27/10/2017,-0.32171
30/10/2017,-0.32171
31/10/2017,-0.32171
01/11/2017,-0.32171
02/11/2017,-0.31571
03/11/2017,-0.31571
06/11/2017,-0.31429
07/11/2017,-0.31443
08/11/2017,-0.31371
09/11/2017,-0.31371
10/11/2017,-0.31443
13/11/2017,-0.31443
14/11/2017,-0.31657
15/11/2017,-0.31657
16/11/2017,-0.31657
17/11/2017,-0.313
20/11/2017,-0.31229
21/11/2017,-0.31229
22/11/2017,-0.31514
23/11/2017,-0.31586
24/11/2017,-0.31586
27/11/2017,-0.31586
28/11/2017,-0.31729
29/11/2017,-0.32229
30/11/2017,-0.318
01/12/2017,-0.31157
04/12/2017,-0.31229
05/12/2017,-0.31514
06/12/2017,-0.31514
07/12/2017,-0.31443
08/12/2017,-0.31657
11/12/2017,-0.318
12/12/2017,-0.32229
13/12/2017,-0.31586
14/12/2017,-0.318
15/12/2017,-0.32157
18/12/2017,-0.32157
19/12/2017,-0.32514
20/12/2017,-0.32071
21/12/2017,-0.31929
22/12/2017,-0.32071
25/12/2017,.
26/12/2017,.
27/12/2017,-0.32157
28/12/2017,-0.32143
29/12/2017,-0.32429
01/01/2018,.
02/01/2018,-0.32429
03/01/2018,-0.325
04/01/2018,-0.32429
05/01/2018,-0.32429
08/01/2018,-0.325
09/01/2018,-0.325
10/01/2018,-0.325
11/01/2018,-0.325
12/01/2018,-0.33371
15/01/2018,-0.33429
16/01/2018,-0.332
17/01/2018,-0.332
18/01/2018,-0.33271
19/01/2018,-0.33486
22/01/2018,-0.337
23/01/2018,-0.33414
24/01/2018,-0.33343
25/01/2018,-0.33557
26/01/2018,-0.33557
29/01/2018,-0.33857
30/01/2018,-0.33714
31/01/2018,-0.33714
01/02/2018,-0.33857
02/02/2018,-0.33857
05/02/2018,-0.33429
06/02/2018,-0.33429
07/02/2018,-0.33429
08/02/2018,-0.33429
09/02/2018,-0.33286
12/02/2018,-0.33057
13/02/2018,-0.32986
14/02/2018,-0.32771
15/02/2018,-0.327
16/02/2018,-0.32486
19/02/2018,-0.322
20/02/2018,-0.32129
21/02/2018,-0.32243
22/02/2018,-0.32386
23/02/2018,-0.32671
26/02/2018,-0.32543
27/02/2018,-0.324
28/02/2018,-0.32829
01/03/2018,-0.329
02/03/2018,-0.32971
05/03/2018,-0.32971
06/03/2018,-0.32971
07/03/2018,-0.33114
08/03/2018,-0.33114
09/03/2018,-0.33029
12/03/2018,-0.32886
13/03/2018,-0.32886
14/03/2018,-0.32886
15/03/2018,-0.32957
16/03/2018,-0.32957
19/03/2018,-0.331
20/03/2018,-0.33314
21/03/2018,-0.33186
22/03/2018,-0.33043
23/03/2018,-0.33114
26/03/2018,-0.33114
27/03/2018,-0.33114
28/03/2018,-0.32757
29/03/2018,-0.32543
30/03/2018,.
02/04/2018,.
03/04/2018,-0.32329
04/04/2018,-0.32371
05/04/2018,-0.32371
06/04/2018,-0.32371
09/04/2018,-0.32514
10/04/2018,-0.32443
11/04/2018,-0.32371
12/04/2018,-0.32371
13/04/2018,-0.32371
16/04/2018,-0.32371
17/04/2018,-0.32371
18/04/2018,-0.32371
19/04/2018,-0.32371
20/04/2018,-0.32157
23/04/2018,-0.32114
24/04/2018,-0.32114
25/04/2018,-0.32114
26/04/2018,-0.319
27/04/2018,-0.31686
30/04/2018,-0.31686
01/05/2018,-0.31686
02/05/2018,-0.31643
03/05/2018,-0.31357
04/05/2018,-0.31357
07/05/2018,.
08/05/2018,-0.31357
09/05/2018,-0.31714
10/05/2018,-0.315
11/05/2018,-0.315
14/05/2018,-0.31429
15/05/2018,-0.31429
16/05/2018,-0.31286
17/05/2018,-0.31214
18/05/2018,-0.31071
21/05/2018,-0.31143
22/05/2018,-0.31
23/05/2018,-0.31
24/05/2018,-0.30929
25/05/2018,-0.31
28/05/2018,.
29/05/2018,-0.30714
30/05/2018,-0.30714
31/05/2018,-0.30786
01/06/2018,-0.30857
04/06/2018,-0.30857
05/06/2018,-0.30857
06/06/2018,-0.30571
07/06/2018,-0.30671
08/06/2018,-0.30457
11/06/2018,-0.30529
12/06/2018,-0.30529
13/06/2018,-0.30529
14/06/2018,-0.30386
15/06/2018,-0.30471
18/06/2018,-0.30471
19/06/2018,-0.30614
20/06/2018,-0.31114
21/06/2018,-0.31186
22/06/2018,-0.31786
25/06/2018,-0.31871
26/06/2018,-0.31857
27/06/2018,-0.32
28/06/2018,-0.31886
29/06/2018,-0.31886
02/07/2018,-0.32029
03/07/2018,-0.31314
04/07/2018,-0.31414
05/07/2018,-0.31314
06/07/2018,-0.31357
09/07/2018,-0.31471
10/07/2018,-0.31271
11/07/2018,-0.31386
12/07/2018,-0.31329
13/07/2018,-0.31286
16/07/2018,-0.31786
17/07/2018,-0.318
18/07/2018,-0.31857
19/07/2018,-0.31871
20/07/2018,-0.31871
23/07/2018,-0.32114
24/07/2018,-0.32014
25/07/2018,-0.32014
26/07/2018,-0.32129
27/07/2018,-0.32057
30/07/2018,-0.31957
31/07/2018,-0.31729
01/08/2018,-0.31629
02/08/2018,-0.31729
03/08/2018,-0.31557
06/08/2018,-0.31371
07/08/2018,-0.31386
08/08/2018,-0.31286
09/08/2018,-0.31186
10/08/2018,-0.31071
13/08/2018,-0.30829
14/08/2018,-0.30886
15/08/2018,-0.30943
16/08/2018,-0.30829
17/08/2018,-0.30843
20/08/2018,-0.30914
21/08/2018,-0.30629
22/08/2018,-0.30414
23/08/2018,-0.30429
24/08/2018,-0.305
27/08/2018,.
28/08/2018,-0.31
29/08/2018,-0.31729
30/08/2018,-0.32014
31/08/2018,-0.31614
03/09/2018,-0.31743
04/09/2018,-0.31714
05/09/2018,-0.31729
06/09/2018,-0.31771
07/09/2018,-0.31614
10/09/2018,-0.31529
11/09/2018,-0.31771
12/09/2018,-0.319
13/09/2018,-0.31629
14/09/2018,-0.318
17/09/2018,-0.31357
18/09/2018,-0.31257
19/09/2018,-0.31529
20/09/2018,-0.31586
21/09/2018,-0.31629
24/09/2018,-0.31471
25/09/2018,-0.314
26/09/2018,-0.31329
27/09/2018,-0.31529
28/09/2018,-0.314
01/10/2018,-0.31243
02/10/2018,-0.30971
03/10/2018,-0.313
04/10/2018,-0.31243
05/10/2018,-0.31343
08/10/2018,-0.313
09/10/2018,-0.31186
10/10/2018,-0.312
11/10/2018,-0.31814
12/10/2018,-0.322
15/10/2018,-0.32286
16/10/2018,-0.32414
17/10/2018,-0.32514
18/10/2018,-0.32643
19/10/2018,-0.325
22/10/2018,-0.32486
23/10/2018,-0.32443
24/10/2018,-0.32257
25/10/2018,-0.323
26/10/2018,-0.32657
29/10/2018,-0.32514
30/10/2018,-0.32457
31/10/2018,-0.32571
01/11/2018,-0.32714
02/11/2018,-0.32557
05/11/2018,-0.32571
06/11/2018,-0.32643
07/11/2018,-0.32614
08/11/2018,-0.325
09/11/2018,-0.32971
12/11/2018,-0.33086
13/11/2018,-0.32886
14/11/2018,-0.32886
15/11/2018,-0.33286
16/11/2018,-0.33357
19/11/2018,-0.33329
20/11/2018,-0.329
21/11/2018,-0.32871
22/11/2018,-0.32914
23/11/2018,-0.32886
26/11/2018,-0.32857
27/11/2018,-0.32714
28/11/2018,-0.32586
29/11/2018,-0.32771
30/11/2018,-0.329
03/12/2018,-0.32786
04/12/2018,-0.32814
05/12/2018,-0.32671
06/12/2018,-0.326
07/12/2018,-0.32686
10/12/2018,-0.32671
11/12/2018,-0.32529
12/12/2018,-0.32429
13/12/2018,-0.32329
14/12/2018,-0.32486
17/12/2018,-0.32343
18/12/2018,-0.31514
19/12/2018,-0.31743
20/12/2018,-0.315
21/12/2018,-0.30857
24/12/2018,-0.30871
25/12/2018,.
26/12/2018,.
27/12/2018,-0.30843
28/12/2018,-0.30829
31/12/2018,-0.30329
01/01/2019,.
02/01/2019,-0.30386
03/01/2019,-0.30143
04/01/2019,-0.29857
07/01/2019,-0.30029
08/01/2019,-0.29714
09/01/2019,-0.29971
10/01/2019,-0.29657
11/01/2019,-0.29686
14/01/2019,-0.296
15/01/2019,-0.29643
16/01/2019,-0.29829
17/01/2019,-0.29714
18/01/2019,-0.296
21/01/2019,-0.29529
22/01/2019,-0.29357
23/01/2019,-0.29343
24/01/2019,-0.29
25/01/2019,-0.29129
28/01/2019,-0.28771
29/01/2019,-0.29243
30/01/2019,-0.29229
31/01/2019,-0.29229
01/02/2019,-0.29629
04/02/2019,-0.29629
05/02/2019,-0.29829
06/02/2019,-0.29914
07/02/2019,-0.29557
08/02/2019,-0.29586
11/02/2019,-0.29614
12/02/2019,-0.29686
13/02/2019,-0.297
14/02/2019,-0.29414
15/02/2019,-0.29029
18/02/2019,-0.28814
19/02/2019,-0.29086
20/02/2019,-0.29129
21/02/2019,-0.294
22/02/2019,-0.292
25/02/2019,-0.29529
26/02/2019,-0.29529
27/02/2019,-0.298
28/02/2019,-0.29629
01/03/2019,-0.29771
04/03/2019,-0.297
05/03/2019,-0.29543
06/03/2019,-0.29929
07/03/2019,-0.296
08/03/2019,-0.29443
11/03/2019,-0.298
12/03/2019,-0.29814
13/03/2019,-0.29843
14/03/2019,-0.29786
15/03/2019,-0.29771
18/03/2019,-0.29871
19/03/2019,-0.29643
20/03/2019,-0.29714
21/03/2019,-0.29786
22/03/2019,-0.29714
25/03/2019,-0.297
26/03/2019,-0.29871
27/03/2019,-0.29886
28/03/2019,-0.30429
29/03/2019,-0.30557
01/04/2019,-0.30557
02/04/2019,-0.307
03/04/2019,-0.307
04/04/2019,-0.30871
05/04/2019,-0.30971
08/04/2019,-0.31
09/04/2019,-0.30986
10/04/2019,-0.309
11/04/2019,-0.31071
12/04/2019,-0.31129
15/04/2019,-0.30814
16/04/2019,-0.30714
17/04/2019,-0.30743
18/04/2019,-0.30686
19/04/2019,.
22/04/2019,.
23/04/2019,-0.30671
24/04/2019,-0.30729
25/04/2019,-0.30657
26/04/2019,-0.30629
29/04/2019,-0.30714
30/04/2019,-0.30514
01/05/2019,-0.308
02/05/2019,-0.30457
03/05/2019,-0.30443
06/05/2019,.
07/05/2019,-0.30329
08/05/2019,-0.30571
09/05/2019,-0.31143
10/05/2019,-0.30714
13/05/2019,-0.30957
14/05/2019,-0.31129
15/05/2019,-0.31371
16/05/2019,-0.31286
17/05/2019,-0.31457
20/05/2019,-0.31329
21/05/2019,-0.31471
22/05/2019,-0.31429
23/05/2019,-0.31443
24/05/2019,-0.31714
27/05/2019,.
28/05/2019,-0.31871
29/05/2019,-0.31743
30/05/2019,-0.321
31/05/2019,-0.32314
03/06/2019,-0.32614
04/06/2019,-0.32657
05/06/2019,-0.32843
06/06/2019,-0.33414
07/06/2019,-0.32543
10/06/2019,-0.328
11/06/2019,-0.32557
12/06/2019,-0.33143
13/06/2019,-0.33086
14/06/2019,-0.34114
17/06/2019,-0.338
18/06/2019,-0.37071
19/06/2019,-0.37343
20/06/2019,-0.376
21/06/2019,-0.378
24/06/2019,-0.375
25/06/2019,-0.38114
26/06/2019,-0.37329
27/06/2019,-0.38029
28/06/2019,-0.38614
01/07/2019,-0.38686
02/07/2019,-0.39871
03/07/2019,-0.40143
04/07/2019,-0.39929
05/07/2019,-0.40329
08/07/2019,-0.39729
09/07/2019,-0.391
10/07/2019,-0.387
11/07/2019,-0.39429
12/07/2019,-0.39529
15/07/2019,-0.40029
16/07/2019,-0.41314
17/07/2019,-0.41586
18/07/2019,-0.41714
19/07/2019,-0.42614
22/07/2019,-0.42614
23/07/2019,-0.42
24/07/2019,-0.42157
25/07/2019,-0.42943
26/07/2019,-0.41571
29/07/2019,-0.41029
30/07/2019,-0.40943
31/07/2019,-0.40786
01/08/2019,-0.416
02/08/2019,-0.41886
05/08/2019,-0.42557
06/08/2019,-0.43086
07/08/2019,-0.42929
08/08/2019,-0.43114
09/08/2019,-0.43071
12/08/2019,-0.43314
13/08/2019,-0.42886
14/08/2019,-0.436
15/08/2019,-0.44029
16/08/2019,-0.45171
19/08/2019,-0.44843
20/08/2019,-0.45071
21/08/2019,-0.45086
22/08/2019,-0.44057
23/08/2019,-0.44043
26/08/2019,.
27/08/2019,-0.44229
28/08/2019,-0.45471
29/08/2019,-0.45714
30/08/2019,-0.46029
02/09/2019,-0.46529
03/09/2019,-0.47386
04/09/2019,-0.46329
05/09/2019,-0.46443
06/09/2019,-0.45743
09/09/2019,-0.45743
10/09/2019,-0.45714
11/09/2019,-0.45429
12/09/2019,-0.45586
13/09/2019,-0.39729
16/09/2019,-0.399
17/09/2019,-0.40129
18/09/2019,-0.40129
19/09/2019,-0.40571
20/09/2019,-0.408
23/09/2019,-0.40529
24/09/2019,-0.40986
25/09/2019,-0.41957
26/09/2019,-0.417
27/09/2019,-0.41557
30/09/2019,-0.41614
01/10/2019,-0.42229
02/10/2019,-0.42429
03/10/2019,-0.42643
04/10/2019,-0.42586
07/10/2019,-0.42786
08/10/2019,-0.42386
09/10/2019,-0.42271
10/10/2019,-0.42086
11/10/2019,-0.41629
14/10/2019,-0.41114
15/10/2019,-0.40643
16/10/2019,-0.40686
17/10/2019,-0.41
18/10/2019,-0.41071
21/10/2019,-0.40243
22/10/2019,-0.40271
23/10/2019,-0.40557
24/10/2019,-0.40571
25/10/2019,-0.40457
28/10/2019,-0.40243
29/10/2019,-0.40157
30/10/2019,-0.40129
31/10/2019,-0.40471
01/11/2019,-0.40871
04/11/2019,-0.40886
05/11/2019,-0.40614
06/11/2019,-0.397
07/11/2019,-0.39057
08/11/2019,-0.389
11/11/2019,-0.39086
12/11/2019,-0.39114
13/11/2019,-0.395
14/11/2019,-0.39414
15/11/2019,-0.39486
18/11/2019,-0.39686
19/11/2019,-0.39714
20/11/2019,-0.39629
21/11/2019,-0.40143
22/11/2019,-0.39943
25/11/2019,-0.398
26/11/2019,-0.39829
27/11/2019,-0.39657
28/11/2019,-0.39586
29/11/2019,-0.39457
02/12/2019,-0.39386
03/12/2019,-0.39286
04/12/2019,-0.39543
05/12/2019,-0.39571
06/12/2019,-0.39714
09/12/2019,-0.399
10/12/2019,-0.38786
11/12/2019,-0.39457
12/12/2019,-0.39057
13/12/2019,-0.38957
16/12/2019,-0.38629
17/12/2019,-0.38686
18/12/2019,-0.38457
19/12/2019,-0.37986
20/12/2019,-0.37914
23/12/2019,-0.37814
24/12/2019,-0.37743
25/12/2019,.
26/12/2019,.
27/12/2019,-0.37686
30/12/2019,-0.37414
31/12/2019,-0.37414
01/01/2020,.
02/01/2020,-0.36586
03/01/2020,-0.37157
06/01/2020,-0.37229
07/01/2020,-0.37814
08/01/2020,-0.371
09/01/2020,-0.36443
10/01/2020,-0.36014
13/01/2020,-0.361
14/01/2020,-0.36014
15/01/2020,-0.36043
16/01/2020,-0.35886
17/01/2020,-0.36329
20/01/2020,-0.36286
21/01/2020,-0.36271
22/01/2020,-0.36071
23/01/2020,-0.36171
24/01/2020,-0.36571
27/01/2020,-0.37014
28/01/2020,-0.372
29/01/2020,-0.37771
30/01/2020,-0.37986
31/01/2020,-0.384
03/02/2020,-0.38157
04/02/2020,-0.38986
05/02/2020,-0.38986
06/02/2020,-0.39257
07/02/2020,-0.39343
10/02/2020,-0.39543
11/02/2020,-0.39271
12/02/2020,-0.39129
13/02/2020,-0.39229
14/02/2020,-0.39614
17/02/2020,-0.39314
18/02/2020,-0.39414
19/02/2020,-0.39514
20/02/2020,-0.39771
21/02/2020,-0.39814
24/02/2020,-0.398
25/02/2020,-0.41
26/02/2020,-0.41986
27/02/2020,-0.42157
28/02/2020,-0.43229
02/03/2020,-0.46014
03/03/2020,-0.45171
04/03/2020,-0.47357
05/03/2020,-0.473
06/03/2020,-0.47014
09/03/2020,-0.49129
10/03/2020,-0.467
11/03/2020,-0.48386
12/03/2020,-0.47286
13/03/2020,-0.37971
16/03/2020,-0.36914
17/03/2020,-0.35086
18/03/2020,-0.33557
19/03/2020,-0.32614
20/03/2020,-0.29014
23/03/2020,-0.29871
24/03/2020,-0.28971
25/03/2020,-0.25271
26/03/2020,-0.246
27/03/2020,-0.24071
30/03/2020,-0.20386
31/03/2020,-0.20071
01/04/2020,-0.18543
02/04/2020,-0.17786
03/04/2020,-0.17043
06/04/2020,-0.158
07/04/2020,-0.153
08/04/2020,-0.14357
09/04/2020,-0.13886
10/04/2020,.
13/04/2020,.
14/04/2020,-0.14471
15/04/2020,-0.14314
16/04/2020,-0.11943
17/04/2020,-0.09314
20/04/2020,-0.083
21/04/2020,-0.07771
22/04/2020,-0.05171
23/04/2020,-0.06157
24/04/2020,-0.068
27/04/2020,-0.08943
28/04/2020,-0.08771
29/04/2020,-0.07843
30/04/2020,-0.06157
01/05/2020,-0.07514
04/05/2020,-0.08143
05/05/2020,-0.08343
06/05/2020,-0.08171
07/05/2020,-0.09143
08/05/2020,.
11/05/2020,-0.11671
12/05/2020,-0.11171
13/05/2020,-0.11657
14/05/2020,-0.11586
15/05/2020,-0.11857
18/05/2020,-0.12257
19/05/2020,-0.12443
20/05/2020,-0.129
21/05/2020,-0.13257
22/05/2020,-0.13414
25/05/2020,.
26/05/2020,-0.15743
27/05/2020,-0.15443
28/05/2020,-0.18329
29/05/2020,-0.19757
01/06/2020,-0.19971
02/06/2020,-0.21243
03/06/2020,-0.22629
04/06/2020,-0.23857
05/06/2020,-0.24257
08/06/2020,-0.22857
09/06/2020,-0.23457
10/06/2020,-0.23229
11/06/2020,-0.24429
12/06/2020,-0.26014
15/06/2020,-0.26429
16/06/2020,-0.28871
17/06/2020,-0.279
18/06/2020,-0.28443
19/06/2020,-0.30029
22/06/2020,-0.30986
23/06/2020,-0.29743
24/06/2020,-0.31757
25/06/2020,-0.32757
26/06/2020,-0.32486
29/06/2020,-0.33686
30/06/2020,-0.31943
01/07/2020,-0.33057
02/07/2020,-0.33443
03/07/2020,-0.33771
06/07/2020,-0.35386
07/07/2020,-0.34329
08/07/2020,-0.33614
09/07/2020,-0.36314
10/07/2020,-0.36
13/07/2020,-0.36757
14/07/2020,-0.37171
15/07/2020,-0.39243
16/07/2020,-0.401
17/07/2020,-0.40114
20/07/2020,-0.39929
21/07/2020,-0.41186
22/07/2020,-0.409
23/07/2020,-0.415
24/07/2020,-0.41614
27/07/2020,-0.41786
28/07/2020,-0.422
29/07/2020,-0.42829
30/07/2020,-0.43043
31/07/2020,-0.44329
03/08/2020,-0.42214
04/08/2020,-0.43329
05/08/2020,-0.45414
06/08/2020,-0.45514
07/08/2020,-0.457
10/08/2020,-0.46171
11/08/2020,-0.47071
12/08/2020,-0.46943
13/08/2020,-0.47186
14/08/2020,-0.46786
17/08/2020,-0.46914
18/08/2020,-0.47029
19/08/2020,-0.47271
20/08/2020,-0.47043
21/08/2020,-0.47214
24/08/2020,-0.47186
25/08/2020,-0.46471
26/08/2020,-0.46543
27/08/2020,-0.47071
28/08/2020,-0.47343
31/08/2020,.
01/09/2020,-0.46986
02/09/2020,-0.47357
03/09/2020,-0.47814
04/09/2020,-0.48529
07/09/2020,-0.49186
08/09/2020,-0.49771
09/09/2020,-0.49714
10/09/2020,-0.48757
11/09/2020,-0.49371
14/09/2020,-0.49329
15/09/2020,-0.49129
16/09/2020,-0.49557
17/09/2020,-0.49357
18/09/2020,-0.49714
21/09/2020,-0.49486
22/09/2020,-0.49571
23/09/2020,-0.49757
24/09/2020,-0.49843
25/09/2020,-0.50214
28/09/2020,-0.501
29/09/2020,-0.50371
30/09/2020,-0.49386
01/10/2020,-0.496
02/10/2020,-0.496
05/10/2020,-0.49529
06/10/2020,-0.49543
07/10/2020,-0.49629
08/10/2020,-0.49629
09/10/2020,-0.49771
12/10/2020,-0.49714
13/10/2020,-0.50429
14/10/2020,-0.50686
15/10/2020,-0.51129
16/10/2020,-0.51471
19/10/2020,-0.51186
20/10/2020,-0.51043
21/10/2020,-0.50543
22/10/2020,-0.508
23/10/2020,-0.50757
26/10/2020,-0.507
27/10/2020,-0.51243
28/10/2020,-0.51614
29/10/2020,-0.521
30/10/2020,-0.52329
02/11/2020,-0.52586
03/11/2020,-0.52314
04/11/2020,-0.52514
05/11/2020,-0.52471
06/11/2020,-0.524
09/11/2020,-0.52514
10/11/2020,-0.51743
11/11/2020,-0.51643
12/11/2020,-0.51186
13/11/2020,-0.51214
16/11/2020,-0.51571
17/11/2020,-0.51757
18/11/2020,-0.51986
19/11/2020,-0.51886
20/11/2020,-0.51886
23/11/2020,-0.52014
24/11/2020,-0.51914
25/11/2020,-0.51629
26/11/2020,-0.51486
27/11/2020,-0.51514
30/11/2020,-0.51714
01/12/2020,-0.51686
02/12/2020,-0.518
03/12/2020,-0.519
04/12/2020,-0.52229
07/12/2020,-0.52514
08/12/2020,-0.53057
09/12/2020,-0.53371
10/12/2020,-0.53457
11/12/2020,-0.53557
14/12/2020,-0.53543
15/12/2020,-0.53314
16/12/2020,-0.538
17/12/2020,-0.54029
18/12/2020,-0.53657
21/12/2020,-0.53343
22/12/2020,-0.53329
23/12/2020,-0.53286
24/12/2020,-0.53029
25/12/2020,.
28/12/2020,.
29/12/2020,-0.53343
30/12/2020,-0.53157
31/12/2020,-0.533
01/01/2021,.
04/01/2021,-0.53514
05/01/2021,-0.53243
06/01/2021,-0.53557
07/01/2021,-0.53814
08/01/2021,-0.536
11/01/2021,-0.53443
12/01/2021,-0.53629
13/01/2021,-0.53457
14/01/2021,-0.53457
15/01/2021,-0.53671
18/01/2021,-0.53643
19/01/2021,-0.53314
20/01/2021,-0.53586
21/01/2021,-0.53286
22/01/2021,-0.53214
25/01/2021,-0.53571
26/01/2021,-0.534
27/01/2021,-0.53357
28/01/2021,-0.53857
29/01/2021,-0.53729